id,common_name,scientific_name,image,light,water,humidity,temp,soil,fertilizer,toxicity,tips
philodendron,Philodendron,Philodendron spp.,philodendron.jpg,"Bright to medium indirect light; avoid strong direct sun which can scorch leaves.","Water when the top 1–2 inches of soil feel dry; keep soil lightly moist but never soggy.","Prefers moderate to high humidity (50–70%) but will tolerate average indoor humidity; very dry air may cause brown leaf tips.","Best between 65–85°F (18–29°C); protect from drafts and cold below about 60°F (16°C).","Loose, well‑draining aroid mix with peat or coco coir, bark and perlite for airflow around roots.","Feed at half strength every 4–6 weeks in spring and summer; little to no fertilizer in winter.","Toxic if ingested (calcium oxalate); keep away from pets and children that chew plants.","Many types are natural climbers – provide a moss pole or stake for larger leaves; trim leggy growth to keep plants full and rotate regularly for even light."
ferns,Ferns (indoor),Various genera incl. Nephrolepis, Adiantum, Asplenium,fern.jpg,"Bright to medium indirect light; no direct sun which will scorch delicate fronds.","Keep soil evenly moist but not waterlogged; never allow the root ball to dry out completely.","High humidity (60–80%) is ideal; use pebble trays, grouping or a humidifier, and avoid dry drafty locations.","Prefer cooler to moderate temps around 60–75°F (16–24°C); avoid hot, dry air from heaters.","Rich, moisture‑retentive mix with peat or coco coir plus some perlite for drainage.","Feed lightly every 4–6 weeks during the growing season with a balanced, diluted fertilizer.","Generally non‑toxic, but always confirm the specific species if pets are present.","Mist lightly (avoiding some species that dislike wet fronds), remove brown fronds promptly and never let pots sit in standing water."
pothos,Pothos (Devil's Ivy),Epipremnum aureum and related spp.,pothos.jpg,"Low to bright indirect light; grows fastest in bright filtered light but tolerates lower light well.","Water when the top 1–2 inches of soil are dry; overwatering is more dangerous than letting it dry slightly.","Average indoor humidity (40–60%) is usually fine; appreciate occasional misting in very dry homes.","Thrives between 65–85°F (18–29°C); keep away from cold drafts and temperatures below about 60°F (16°C).","Standard well‑draining potting mix with added perlite; avoid heavy, compacted soils.","Fertilize lightly every 4–6 weeks in spring and summer; withhold or reduce in winter or low light.","Toxic if ingested (calcium oxalate); keep out of reach of pets and children.","Excellent beginner plant; trim vines to control length and encourage branching, and propagate easily from stem cuttings in water or soil."
monstera,Monstera (Swiss cheese plants),Monstera deliciosa and related spp.,monstera.jpg,"Bright indirect light is ideal; brief gentle morning sun is fine but avoid harsh midday or afternoon sun.","Water when the top 2 inches of soil are dry; allow excess to drain and do not leave the pot standing in water.","Prefers moderate to high humidity (50–70%); dry air can cause brown edges on leaves.","Comfortable between 65–85°F (18–29°C); protect from cold drafts and temperatures below 55–60°F (13–16°C).","Chunky aroid mix with bark, perlite and peat/coco for both moisture and good aeration.","Feed every 4–6 weeks in the growing season with a balanced or foliage fertilizer; reduce feeding in winter.","Toxic if ingested due to calcium oxalate; sap may irritate skin in sensitive individuals.","Provide a stake or moss pole so aerial roots can anchor; rotate regularly for even fenestration and wipe dust from leaves to keep them photosynthesizing well."
aglaonema,Aglaonema (Chinese Evergreen),Aglaonema spp.,agloanema.jpg,"Low to medium indirect light for darker varieties; brighter indirect light for heavily variegated types, but avoid direct sun.","Allow the top 1–2 inches of soil to dry before watering again; slightly on the dry side is better than soggy soil.","Tolerates normal indoor humidity but prefers 50–70%; avoid placing directly near heating vents.","Ideal range 65–80°F (18–27°C); avoid cold drafts and temperatures below about 60°F (16°C).","Well‑draining all‑purpose potting mix with some perlite for aeration.","Feed every 4–6 weeks in spring and summer with a balanced houseplant fertilizer at half strength.","Considered toxic if ingested; can cause mouth and stomach irritation.","Great low‑light option; rotate for even growth and remove yellow or damaged leaves promptly to keep the plant looking full."
zz,ZZ Plant,Zamioculcas zamiifolia,ZZ.jpg,"Very adaptable from low to bright indirect light; avoid prolonged strong direct sun which can scorch foliage.","Let soil dry out thoroughly between waterings; water deeply then drain, often every 2–4 weeks depending on conditions.","Does well in typical home humidity (30–50%) and does not require extra humidity.","Handles a wide range of indoor temps, ideally 65–85°F (18–29°C); protect from cold below about 55–60°F (13–16°C).","Very well‑draining mix such as regular potting soil heavily amended with perlite or cactus mix.","Light feeder; fertilize at half strength every 6–8 weeks during active growth if desired.","Toxic if ingested and sap may irritate skin; keep away from pets and children.","Extremely prone to root rot if overwatered; when in doubt, wait to water. Rotate occasionally to keep stems growing upright rather than leaning toward the light."
dieffenbachia,Dieffenbachia (Dumb Cane),Dieffenbachia spp.,,"Bright to medium indirect light; avoid direct sun which can scorch and fade leaves; tolerates some lower light but growth slows.","Water when the top 1–2 inches of soil are dry; keep evenly moist but never soggy.","Average indoor humidity is acceptable, though 50–70% helps prevent crispy edges on large leaves.","Prefers 65–80°F (18–27°C); protect from chilly drafts and sudden temperature drops.","Well‑draining peat‑based potting mix with added perlite or bark to avoid compaction.","Feed every 4–6 weeks in spring and summer with a balanced fertilizer; no need to feed in winter.","Highly toxic if ingested, causing severe mouth and throat irritation; sap can irritate skin and eyes – handle with care and keep away from pets and children.","Rotate regularly for even growth; prune back leggy stems to encourage bushier plants and use gloves when handling to avoid sap contact."
money_tree,Money Tree,Pachira aquatica,moneytree.jpg,"Bright, indirect light is best; can tolerate medium light but avoid prolonged direct sun, especially through hot windows.","Water thoroughly when the top 1–2 inches of soil are dry; avoid letting it sit in water and reduce watering in winter.","Prefers moderate humidity (50–60%); will tolerate normal homes but appreciates occasional misting or a pebble tray.","Best around 65–80°F (18–27°C); protect from cold drafts and sudden swings in temperature.","Well‑draining potting mix with some sand or perlite; avoid heavy, compact soils.","Feed monthly in spring and summer with a balanced fertilizer at half strength; do not fertilize in winter when growth slows.","Generally considered non‑toxic to pets and people.","Rotate the plant for even growth, occasionally wipe dust from leaves and avoid overpotting which can lead to soggy soil around the roots."
schefflera,Schefflera (Umbrella Plant),Schefflera arboricola and related spp.,Schefflera.jpg,"Bright indirect light is ideal; can tolerate medium light but becomes leggy in low light; avoid harsh direct sun through glass.","Water when the top 1–2 inches of soil have dried; allow excess water to drain freely and never leave the pot in a saucer of water.","Average indoor humidity is usually adequate; avoid extremely dry air and mist lightly if leaf edges brown.","Thrives at 60–80°F (16–27°C); protect from cold drafts and temperatures below 55°F (13°C).","Standard well‑draining potting mix with perlite; ensure the pot has good drainage.","Feed every 4–6 weeks in spring and summer with a balanced fertilizer; taper off in fall and winter.","Mildly toxic if ingested and can cause irritation; keep away from pets and children who chew plants.","Pinch or prune tips to maintain a compact shape and encourage branching; rotate regularly so the plant grows upright instead of leaning."
anthurium,Anthurium (flowering and foliage),Anthurium spp.,anthurium.jpg,"Bright, indirect light; too little light reduces flowering, while direct sun can scorch leaves.","Keep soil lightly and evenly moist, watering when the top 1–2 inches feel just barely dry; never allow the root zone to completely dry out.","Prefers high humidity (60–80%); use a pebble tray, humidifier or grouping with other plants to raise humidity.","Ideal temps of 65–80°F (18–27°C); avoid cold drafts and temperatures below about 60°F (16°C).","Loose, chunky aroid mix with peat or coco, bark and perlite for excellent drainage and aeration.","Feed every 4–6 weeks in the growing season with a high‑phosphorus or balanced fertilizer at low strength to support blooms.","Toxic if ingested; sap may irritate skin and mucous membranes.","Remove spent blooms and yellowing leaves to keep the plant tidy; avoid letting water sit in the central crown to reduce rot risk."
scindapsus,Scindapsus (Satin Pothos and relatives),Scindapsus pictus and related spp.,scindapsus.jpg,"Medium to bright indirect light; variegated and silver types need the brighter end to maintain pattern; avoid intense direct sun.","Water when the top 1–2 inches of soil are dry; do not allow the plant to sit in water, and avoid letting the soil stay soggy for long periods.","Average home humidity is fine, though 50–70% keeps foliage lush and reduces crispy edges on thinner leaves.","Best between 65–85°F (18–29°C); protect from cold drafts and temps below about 60°F (16°C).","Well‑draining aroid mix or standard potting mix amended with perlite and bark for good aeration.","Feed every 4–6 weeks in spring and summer with a balanced houseplant fertilizer at half strength.","Mildly toxic if ingested; keep away from pets and children that may chew on foliage.","Great for hanging baskets or climbing; trim vines to keep plants full and propagate easily from stem cuttings to create fuller pots."
raphidophora,Rhaphidophora,Rhaphidophora tetrasperma and related spp.,raph.jpg,"Bright, indirect light is ideal; tolerates medium light but may become leggy; avoid prolonged direct sun which can burn leaves.","Water when the top 1–2 inches of soil are dry; allow excess water to drain and do not let the soil stay constantly wet.","Prefers moderate to high humidity (50–70%); dry air can cause brown tips or edges.","Comfortable around 65–85°F (18–29°C); protect from temperatures below about 60°F (16°C).","Chunky, well‑draining aroid mix rich in organic matter with bark and perlite.","Feed every 4 weeks during the growing season with a balanced fertilizer at half strength.","Toxic if ingested; sap may irritate skin and eyes.","Provide a moss pole or trellis for climbing, which encourages larger leaves and fenestrations; prune vines to control height and shape."
african_violets,African Violets,Saintpaulia/Ionanthus hybrids,african.jpg,"Bright, indirect light or filtered light from an east or north window; avoid direct midday sun which can scorch leaves.","Water when the top of the soil feels barely dry to the touch, ideally from the bottom to avoid wetting leaves; use room‑temperature water.","Prefer moderate to high humidity (50–70%) but dislike water sitting on leaves; avoid misting directly on foliage.","Ideal temperatures are 65–80°F (18–27°C); keep away from cold drafts and temperature extremes.","Light, airy, peat‑based mix designed for African violets or similar fine‑textured soilless mixes.","Feed regularly at low strength (every 2–4 weeks) with a fertilizer formulated for African violets, especially when blooming.","Generally considered non‑toxic to pets and people.","Remove spent flowers and damaged leaves, rotate for even growth, and keep leaves clean and dry to prevent spotting and rot."
dracaena,Dracaena,Dracaena spp.,drac.jpg,"Medium to bright indirect light; avoid strong direct sun which can scorch or fade foliage; some species tolerate lower light.","Water when the top 1–2 inches of soil are dry; many Dracaena prefer to stay slightly on the drier side and dislike constantly wet soil.","Average indoor humidity is usually enough; avoid very dry air for thin‑leafed species.","Best between 65–80°F (18–27°C); protect from drafts and cold below about 60°F (16°C).","Well‑draining potting mix with added perlite; avoid heavy, compact soils.","Feed every 4–6 weeks in spring and summer with a balanced fertilizer at half strength.","Many species are toxic if ingested by pets; err on the side of caution.","Dracaena are sensitive to fluoride and salts in tap water; use filtered or let water sit overnight, and flush the soil occasionally to remove buildup."
sansevieria,Sansevieria (Snake Plant),Dracaena trifasciata and related spp.,sans.jpg,"Low to bright indirect light; tolerates very low light but grows fastest in bright filtered light; some direct sun is usually fine.","Allow soil to dry almost completely between waterings; water deeply then drain, often every 2–4 weeks depending on conditions.","Handles low humidity perfectly well; no special humidity required.","Thrives at typical indoor temps 60–85°F (16–29°C); protect from cold drafts and temperatures below about 50°F (10°C).","Fast‑draining mix such as cactus/succulent soil or regular potting mix amended with extra perlite or sand.","Light feeder; fertilize once every 6–8 weeks during spring and summer; do not fertilize in winter.","Considered mildly toxic if ingested; can cause stomach upset.","Extremely tolerant of neglect; the most common cause of problems is overwatering, so err on the dry side and use pots with drainage holes."
coffee,Coffee Plant,Coffea arabica and related spp.,coffee.jpg,"Bright, indirect light; avoid intense direct afternoon sun indoors which can scorch leaves.","Keep soil consistently moist but not waterlogged, watering when the top 1 inch feels slightly dry; do not allow complete dry‑outs.","Prefers moderate to high humidity (50–70%); dry air can cause brown edges and leaf drop.","Likes temperatures between 65–80°F (18–27°C); protect from drafts and cold below about 60°F (16°C).","Rich, well‑draining potting mix with organic matter and some perlite for aeration.","Feed every 4–6 weeks during the growing season with a balanced fertilizer; reduce feeding in winter.","Considered toxic to pets due to caffeine in seeds and leaves.","Prune lightly to maintain shape and encourage branching; avoid abrupt changes in light or watering which can cause leaf drop."
calathea,Calathea,Calathea spp. (Goeppertia),calathea.jpg,"Bright to medium indirect light; avoid direct sun which quickly burns and fades patterned leaves.","Keep soil evenly moist but not soggy, watering when the top 0.5–1 inch is just barely dry; never let the root ball fully dry out.","High humidity (60–80%) is ideal; use a humidifier, pebble trays and grouping to maintain moisture in the air.","Prefer warm temps of 65–80°F (18–27°C); very sensitive to cold drafts and temperature swings.","Light, airy, moisture‑retentive mix with peat or coco plus perlite and a bit of bark for drainage.","Feed every 4 weeks in spring and summer with a diluted balanced fertilizer; avoid over‑fertilization which can damage sensitive roots.","Generally non‑toxic to pets and people.","Use filtered or distilled water if your tap water is hard, as Calatheas are sensitive to salts and chemicals; keep leaves clean and watch for curling or browning as early stress signs."
ctenanthe,Ctenanthe,Ctenanthe spp.,ctenanthe.jpg,"Medium to bright indirect light; avoid direct sun which can scorch patterned foliage.","Keep soil consistently moist but not waterlogged, watering when the top 0.5–1 inch is just starting to dry.","High humidity (60–80%) is preferred; dry air can cause curling or browning of leaf edges.","Warm conditions of 65–80°F (18–27°C) are ideal; protect from cold drafts.","Moisture‑retentive but well‑aerated mix similar to Calathea/Maranta (peat or coco with perlite and some bark).","Feed lightly every 4–6 weeks in the growing season with a diluted balanced fertilizer.","Generally non‑toxic, but always verify for specific cultivars if pets are present.","Part of the prayer plant family; leaves may fold at night. Provide stable conditions, avoid cold and use soft water for best results."
stromanthe,Stromanthe,Stromanthe spp. (e.g. S. triostar),stromanthe.jpg,"Bright indirect light; strong light keeps variegation vibrant but avoid direct sun which can scorch tips and edges.","Keep soil evenly moist, watering when the top 0.5–1 inch is beginning to dry; avoid letting the plant dry out completely.","High humidity (60–80%) is best; low humidity leads to crispy edges and leaf damage.","Warm temps of 65–80°F (18–27°C) with no cold drafts or sudden changes.","Rich, airy mix with peat or coco, perlite and some bark to hold moisture yet drain freely.","Feed every 4 weeks in spring and summer with a balanced fertilizer at low strength.","Generally considered non‑toxic.","Very sensitive to water quality and dry air; use filtered water, boost humidity and keep away from heaters and cold windows."
fittonia,Fittonia (Nerve Plant),Fittonia albivenis and related spp.,fittonia.jpg,"Low to medium indirect light; avoid direct sun which scorches delicate leaves. Too little light causes leggy, sparse growth.","Keep soil consistently moist but not waterlogged; Fittonia wilts dramatically when dry but usually recovers if watered promptly.","Enjoys higher humidity (60–80%); terrariums or closed displays are ideal; avoid very dry air.","Prefers 65–80°F (18–27°C); avoid cold drafts and chills.","Rich, fine‑textured potting mix with good moisture retention and some perlite for drainage.","Feed every 4–6 weeks during active growth with a balanced, diluted fertilizer.","Generally non‑toxic to pets and people.","Excellent for terrariums; avoid letting the plant dry out completely and pinch back stems to encourage a fuller mat of foliage."
carnivorous,Carnivorous Plants,Dionaea, Sarracenia, Drosera and others,carn.jpg,"Bright light to full sun for many species; Venus flytraps and many pitcher plants need several hours of direct light, while some tropical species prefer bright indirect light.","Use only distilled, rain or reverse‑osmosis water; keep the growing medium consistently damp or sitting in a shallow tray of water, depending on species.","Many prefer high humidity, especially tropical species and Nepenthes; North American bog species tolerate somewhat lower humidity if kept wet.","Most temperate species need cool winters and warm summers; tropical species prefer consistently warm conditions; avoid hot, stagnant air.","Nutrient‑poor, acidic medium such as a mix of sphagnum peat and sand or perlite; never use regular potting soil or fertilizer‑enriched mixes.","Do not fertilize the soil; plants get nutrients from insects. Over‑fertilizing or rich soils will kill carnivorous plants.","Many carnivorous plants are non‑toxic but may be sensitive; always research the specific species if pets or children may handle them.","Never feed meat or fertilizer; allow them to catch insects naturally or occasionally supplement with appropriate insect food; provide a winter dormancy for species that require it."
orchids,Orchids (general indoor),Primarily Phalaenopsis and similar epiphytes,orchid.jpg,"Bright, indirect light; an east window or shaded south window is ideal; direct midday sun can burn leaves.","Water thoroughly when the potting medium is almost dry but not bone dry; frequency varies by medium and environment (often 5–10 days).","Prefer moderate humidity (50–70%); use trays, grouping or a humidifier to boost humidity without keeping roots soggy.","Generally like temps between 65–85°F (18–29°C), with a slight drop at night to encourage flowering; avoid cold drafts.","Open, free‑draining orchid mix with bark, charcoal and perlite; roots need air, not dense soil.","Feed with a balanced orchid fertilizer at low strength every 2–4 weeks during active growth; reduce after flowering or in lower light.","Most common Phalaenopsis and similar orchids are considered non‑toxic to pets and people.","Do not let water sit in the crown of Phalaenopsis; provide bright light and small day/night temperature differences to encourage reblooming."
hoya,Hoya (Wax Plant),Hoya spp.,hoya.jpg,"Bright, indirect light with some gentle morning or late‑day direct sun; many species bloom best with high light.","Water when the top 1–2 inches of soil are dry; allow the potting mix to dry slightly more in winter; do not keep constantly soggy.","Average humidity is usually fine, but many species appreciate 50–70% for best growth and flowering.","Prefer warm conditions of 65–85°F (18–29°C); avoid exposure below about 55°F (13°C).","Very well‑draining mix with plenty of bark, perlite and a little peat or coco; similar to an airy orchid/aroid blend.","Feed every 4–6 weeks in the growing season with a balanced or bloom‑boosting fertilizer at half strength.","Most Hoyas are considered non‑toxic and pet friendly, but always verify specific species.","Avoid cutting off the flower spurs (peduncles) after blooms fade, as Hoyas rebloom from the same points; give them time and stable conditions to initiate buds."
cordyline,Cordyline,Cordyline fruticosa and related spp.,cord.jpg,"Bright indirect light to some gentle direct sun; insufficient light leads to dull colors and leggy growth.","Keep soil evenly moist but not soggy, watering when the top inch is slightly dry; do not allow extended dry periods.","Prefers higher humidity (50–70%); dry air can cause browning at leaf tips and edges.","Likes warm temps of 65–85°F (18–29°C); avoid cold drafts and temperatures below 60°F (16°C).","Rich, well‑draining potting mix with organic matter and perlite; ensure good drainage.","Feed every 4–6 weeks in spring and summer with a balanced fertilizer; reduce in cooler months.","Some varieties may be mildly toxic to pets if ingested; check specific cultivars.","Cordyline can be sensitive to fluoride and salts in tap water; use filtered or rainwater if possible, and trim off any brown leaf tips to keep the plant tidy."
kalanchoe,Kalanchoe (flowering and foliage types),Kalanchoe spp.,kal.jpg,"Bright light to a few hours of direct sun indoors; flowering varieties need plenty of light to set buds.","Allow soil to dry out about halfway down the pot before watering; overwatering easily leads to root rot.","Average indoor humidity is fine; avoid misting heavily as fleshy leaves can be prone to rot if constantly wet.","Prefer warm conditions of 60–80°F (16–27°C); protect from cold drafts and temps below about 50°F (10°C).","Well‑draining cactus/succulent mix or potting soil with added perlite or sand.","Feed lightly every 4–6 weeks during active growth and blooming with a balanced or bloom‑boosting fertilizer.","Many Kalanchoe species are considered toxic if ingested; keep away from pets and children.","Deadhead spent flowers to encourage more blooms, provide bright light and reduce watering slightly after the heavy blooming period to let the plant rest."
spider_plant,Spider Plant,Chlorophytum comosum,spider.jpg,"Bright to medium indirect light; tolerates lower light but may produce fewer offsets; avoid very strong direct sun.","Water when the top 1–2 inches of soil feel dry; keep slightly moist but not soggy, reducing watering in winter.","Average indoor humidity is usually fine, though they appreciate moderate humidity and occasional misting.","Prefers temps of 60–80°F (16–27°C); avoid cold drafts and temperatures below about 50°F (10°C).","Standard well‑draining potting mix with some perlite; avoid dense, heavy soils.","Feed every 4–6 weeks in spring and summer with a balanced fertilizer; avoid overfertilizing which can cause brown tips.","Generally non‑toxic to pets and people.","Prune brown tips and remove old plantlets; repot when roots become crowded and enjoy the easy propagation from the hanging baby spiders."
goldfish_plant,Goldfish Plant,Nematanthus spp.,gold.jpg,"Bright, indirect light with a little gentle direct sun; too little light results in few or no flowers.","Water when the top 1 inch of soil feels dry; keep evenly moist while actively growing and blooming, but never waterlog the soil.","Enjoys higher humidity (50–70%); dry air can cause leaf drop and fewer blooms.","Warm temperatures of 65–80°F (18–27°C) are ideal; protect from cold drafts.","Light, well‑draining potting mix with peat or coco and perlite; avoid heavy, water‑retentive soils.","Feed every 4 weeks in spring and summer with a balanced or bloom‑supporting fertilizer at half strength.","Generally considered non‑toxic, though always verify specific cultivar if pets are present.","Pinch stems to encourage bushiness, keep in a bright spot for best flowering and avoid sudden changes in light or watering that may cause bud drop."
cactus_succulents,Cactus and Succulents,Various desert and succulent genera,cs.jpg,"Bright light to full sun for most desert species; many succulents prefer several hours of direct light, while some forest cacti prefer bright indirect light.","Water deeply but infrequently, allowing the soil to dry out completely between waterings; in winter, water very sparingly.","Low to average humidity (30–50%) is usually ideal; avoid very humid, stagnant air for desert species.","Most prefer warm conditions of 65–90°F (18–32°C); avoid exposure below 50°F (10°C) for many tender species.","Very fast‑draining cactus/succulent mix with plenty of sand, perlite or grit; avoid regular potting soil alone.","Fertilize lightly during active growth (spring and summer) with a cactus or low‑nitrogen fertilizer every 4–8 weeks; do not feed in winter dormancy.","Many species have spines or are mildly toxic; handle carefully and research specific species if pets or children are present.","Use pots with drainage holes, provide maximum light you can indoors and avoid overpotting; when in doubt, water less rather than more."
begonias,Begonias,Begonia spp.,beg.jpg,"Bright, indirect light for most indoor types; morning sun is usually fine but avoid hot afternoon sun on leaves.","Keep soil lightly moist, watering when the top 1 inch feels dry; allow slightly more drying between waterings for cane and succulent types.","Prefer moderate humidity (50–70%); very dry air can lead to crispy leaf margins, especially on Rex and fibrous types.","Most do well between 60–80°F (16–27°C); avoid cold drafts and sudden chills below about 55°F (13°C).","Light, well‑draining mix with peat or coco, perlite and a bit of bark; avoid heavy, waterlogged soils.","Feed every 4–6 weeks in spring and summer with a balanced fertilizer at half strength; cut back in winter.","Some species and hybrids may be mildly toxic if ingested; avoid allowing pets to chew leaves.","Avoid wetting foliage repeatedly, especially on Rex begonias, to prevent spotting and mildew; deadhead spent blooms and remove faded leaves to keep plants tidy and reduce disease pressure."
yucca,Yucca (Spineless Yucca),Yucca elephantipes,yucca.jpg,"Bright light with several hours of direct sun is ideal; will survive in bright indirect light but growth may be slower and more sparse.","Allow soil to dry at least halfway, preferably almost completely, between deep waterings; water less in winter.","Average indoor humidity is fine; does not require extra humidity.","Prefers warm, bright rooms around 65–85°F (18–29°C); protect from cold drafts and temps below about 45–50°F (7–10°C).","Very well‑draining gritty mix; use cactus/succulent soil or regular mix heavily amended with sand or perlite.","Fertilize lightly once a month in spring and summer; do not fertilize in winter.","Generally considered mildly toxic if ingested; sharp leaf tips can cause minor injury.","Use a heavy pot for tall plants to prevent tipping; rotate regularly so stems grow straight and avoid overwatering which leads to trunk rot."
syngonium,Syngonium (Arrowhead Vine),Syngonium podophyllum and cultivars,syn.jpg,"Medium to bright indirect light; juvenile plants tolerate lower light but variegated or pink forms need brighter filtered light.","Water when the top 1–2 inches of soil are dry; keep evenly moist during active growth but do not allow the pot to stay soggy.","Average to moderately high humidity (50–70%) is ideal; dry air may cause browning on edges.","Thrives between 65–85°F (18–29°C); avoid temperatures below 60°F (16°C).","Well‑draining potting mix with peat or coco and perlite; avoid compacted soils.","Feed every 4–6 weeks in spring and summer with a balanced fertilizer at half strength.","Toxic if ingested (aroid family); keep out of reach of pets and children.","Young plants are bushy but become vine‑like with age; prune and root cuttings to maintain a fuller pot or train on a small trellis or pole."
alocasia,Alocasia (Elephant Ear types),Alocasia spp.,al.jpg,"Bright, indirect light; some species tolerate a bit of gentle morning sun but avoid harsh direct midday light, which can burn leaves.","Keep soil evenly moist but not waterlogged, watering when the top 1 inch is just beginning to dry; do not allow extended dry spells during active growth.","Prefer high humidity (60–80%); dry air can lead to brown edges and spider mite problems.","Warm temperatures of 68–85°F (20–29°C) are ideal; many decline if kept below about 60°F (16°C) for long.","Rich, airy mix with peat or coco, perlite and bark to hold moisture but drain well; pots should have good drainage.","Feed every 4–6 weeks during the growing season; reduce or stop feeding during dormant or semi‑dormant periods.","Toxic if ingested (calcium oxalate); keep away from pets and children.","Many Alocasia rest or semi‑dormant in cooler or darker months; some leaf loss is normal then. Focus on stable warmth, humidity and careful watering to avoid rot."
ficus,Ficus (Indoor Trees & Vines),Ficus elastica, F. lyrata, F. benjamina and others,ficus.jpg,"Bright, indirect light; some species tolerate a bit of direct morning sun but dislike harsh midday sun through glass.","Water when the top 1–2 inches of soil are dry; do not allow extended periods of soggy soil or complete dry‑outs.","Average humidity is usually adequate, though 50–60% keeps foliage healthier and reduces leaf drop.","Prefer stable temps of 65–80°F (18–27°C); highly sensitive to sudden changes, drafts and cold below about 60°F (16°C).","Well‑draining potting mix with some bark or perlite; avoid heavy, compacted soil.","Feed every 4–6 weeks during active growth with a balanced fertilizer; reduce feeding in fall and winter.","Sap can be irritating to skin; some species are toxic if ingested by pets—confirm specific types kept in pet homes.","Ficus do not like change: avoid moving them frequently, and expect some leaf drop after big changes in light, watering pattern or location; prune carefully to shape once established."
pilea,Pilea (incl. Chinese Money Plant),Pilea peperomioides and related species,pilea.jpg,"Bright, indirect light; tolerates some gentle morning sun but avoid strong midday sun which can burn leaves.","Water when the top 1–2 inches of soil are dry; do not let the plant sit in water or stay constantly soggy.","Average humidity is fine; appreciates moderate humidity but generally does well in typical indoor air.","Comfortable around 60–80°F (16–27°C); avoid cold drafts and temps below about 50°F (10°C).","Light, well‑draining potting mix with perlite; avoid dense heavy mixes.","Feed every 4–6 weeks in spring and summer with a balanced fertilizer at half strength.","Generally considered non‑toxic to pets and people.","Rotate regularly to prevent leaning toward the light; remove and pot up offsets (“pups”) that appear around the base to create new plants or fill out the container."
aphelandra,Aphelandra (Zebra Plant),Aphelandra squarrosa,aph.jpg,"Bright, indirect light is essential; too little light leads to lanky growth and few flowers, while direct sun can scorch leaves.","Keep soil evenly moist but never waterlogged; water when the top 1 inch is slightly dry and ensure good drainage.","Needs high humidity (60–80%) to thrive; low humidity quickly leads to browned edges and leaf drop.","Prefers warm temperatures of 65–80°F (18–27°C); very sensitive to cold drafts and sudden temperature changes.","Rich, moisture‑retentive but well‑draining mix with peat or coco, perlite and compost.","Feed every 2–4 weeks during active growth with a balanced fertilizer; reduce after flowering and in winter.","Considered mildly toxic if ingested; sap may irritate skin.","Often treated as a high‑maintenance flowering houseplant; best success comes from steady warmth, high humidity, bright light and very consistent watering."
cissus_discolor,Cissus Discolor (Rex Begonia Vine),Cissus discolor,cissus.jpg,"Bright, indirect light; too little light causes muted colors and leggy vines, while direct sun can scorch leaves.","Keep soil lightly and consistently moist, watering when the top 0.5–1 inch feels slightly dry; avoid waterlogging.","Enjoys higher humidity (50–70%); dry air can cause crisping of leaf edges.","Prefers warm temperatures around 65–80°F (18–27°C); avoid cold drafts and temps below about 60°F (16°C).","Rich, well‑draining potting mix with peat or coco and perlite for aeration.","Feed every 4 weeks in the growing season with a balanced fertilizer at low strength.","Generally considered non‑toxic, but always confirm for homes with pets that chew foliage.","Provide a trellis or hanging basket for cascading vines; pinch tips to encourage branching and maintain a fuller plant."
crassula,Crassula (Jade & Relatives),Crassula ovata and other Crassula spp.,,"Bright light to full sun indoors; a few hours of direct sun through an east or south window helps maintain compact growth and red leaf edges on some cultivars.","Allow soil to dry out almost completely between thorough waterings; in winter, water very sparingly.","Low indoor humidity is fine; avoid overly humid, stagnant conditions.","Prefer 60–80°F (16–27°C) during growth and cooler, very bright conditions in winter if possible (but generally above 45–50°F / 7–10°C).","Fast‑draining cactus/succulent mix with plenty of mineral grit; avoid moisture‑holding peat‑heavy soils on their own.","Feed lightly once a month in spring and summer with a low‑nitrogen cactus or succulent fertilizer; do not feed in winter.","Mildly toxic if ingested in quantity; may cause stomach upset in pets.","Rotate regularly for even growth, avoid splashing water on leaves in strong sunlight to prevent spotting, and always prioritize underwatering over overwatering."
fatsia_japonica,Fatsia japonica (Japanese Aralia),Fatsia japonica,fatsia.jpg,"Bright, indirect light to light shade; can tolerate lower light but may become leggy; avoid strong direct sun which burns leaves.","Water when the top 1–2 inches of soil are dry; keep evenly moist during active growth but reduce watering in winter.","Average to moderately high humidity is beneficial; very dry air can cause browning at leaf tips.","Prefers 60–75°F (16–24°C); tolerates slightly cooler conditions but avoid frost indoors.","Rich, well‑draining potting mix with organic matter and some perlite.","Feed every 4–6 weeks in spring and summer with a balanced fertilizer.","Considered mildly toxic if ingested; treat as potentially unsafe for pets that chew plants.","Rotate the plant for even growth, prune lightly to maintain shape and avoid placing it in very hot, dry spots where foliage can scorch."
bromeliads,Bromeliads (indoor types),Guzmania, Vriesea, Neoregelia and others,brom.jpg,"Bright, indirect light; some species tolerate gentle morning sun but most prefer filtered light indoors.","Keep the central cup (for tank bromeliads) filled with fresh water and flush it periodically; keep potting mix lightly moist but not soggy.","Prefer higher humidity (50–70%); dry air may cause browning at leaf tips.","Most house bromeliads like temps between 65–85°F (18–29°C); protect from cold below about 55°F (13°C).","Very free‑draining orchid‑style mix, or a blend of bark, coco chips and a bit of peat; roots prefer air and should never sit in heavy soil.","Feed very lightly with a diluted fertilizer, either in the cup or soil, every 4–6 weeks during active growth; avoid strong fertilizer which can burn leaves.","Most commonly grown bromeliads are non‑toxic, but always confirm for homes with pets.","After flowering, the mother plant slowly declines while producing pups around the base; allow pups to reach at least one‑third the size of the parent before separating and potting individually."
homalomena,Homalomena,Homalomena spp.,hom.jpg,"Medium to bright indirect light; tolerates lower light but variegated types need brighter filtered light.","Water when the top 1–2 inches of soil are dry; keep soil lightly moist but not constantly soggy.","Enjoys moderate to high humidity (50–70%); dry air may cause brown tips.","Prefers warm temps of 65–85°F (18–29°C); avoid cold drafts and sudden temperature changes.","Rich, well‑draining aroid‑type mix with peat or coco, perlite and some bark.","Feed every 4–6 weeks in the growing season with a balanced fertilizer at half strength.","Likely toxic if ingested (aroid family); keep away from pets and children.","Often described as a “low‑light philodendron‑like” plant; provide stable conditions and avoid overwatering to keep foliage lush and glossy."
maranta,Maranta (Prayer Plant),Maranta leuconeura and related spp.,maranta.jpg,"Medium indirect light; too much direct sun causes fading and scorch, while very low light reduces color and movement.","Keep soil evenly moist but not soaked, watering when the top 0.5–1 inch feels slightly dry; never allow the root ball to dry out completely.","High humidity (60–80%) is ideal; low humidity causes curling leaves and brown edges.","Warm temps of 65–80°F (18–27°C); avoid cold drafts and rapid fluctuations.","Rich, well‑draining mix with peat or coco, perlite and a bit of bark to hold moisture yet drain freely.","Feed every 4–6 weeks in spring and summer with a diluted balanced fertilizer.","Generally non‑toxic to pets and people.","Part of the prayer plant family; leaves move up at night and down during the day. Use soft water, maintain humidity and trim leggy or damaged growth to keep plants full."
mimosa,Mimosa (Sensitive Plant),Mimosa pudica,mim.jpg,"Bright, indirect light to some gentle direct sun; too little light results in weak growth and fewer responsive leaves.","Keep soil consistently moist but not waterlogged, watering when the top 0.5–1 inch is just beginning to dry.","Prefers moderate humidity (50–70%); very dry air can lead to browning and reduced vigor.","Warm conditions of 65–85°F (18–29°C) are ideal; highly sensitive to cold drafts and chill.","Light, well‑draining potting mix with peat or coco and plenty of perlite or sand.","Feed lightly every 4–6 weeks during active growth with a balanced fertilizer; do not over‑fertilize.","Mildly toxic if ingested; handle carefully as stems can be somewhat spiny.","Often grown as a novelty plant and not long‑lived indoors; avoid touching leaves constantly, as repeated stimulation can stress the plant and reduce overall health."
oxalis,Oxalis (incl. Purple Shamrock),Oxalis triangularis and related spp.,ox.jpg,"Bright, indirect light to a little gentle direct sun; too little light results in weak, floppy growth.","Water when the top 1–2 inches of soil are dry; keep evenly moist while actively growing, but reduce watering when foliage dies back for dormancy.","Average indoor humidity is generally fine; does not usually require extra humidity.","Prefers cool to moderate temps of 60–75°F (16–24°C); avoid hot, dry conditions.","Well‑draining potting mix with some perlite; bulbs and tubers dislike sitting in soggy soil.","Feed every 4–6 weeks in active growth with a balanced fertilizer at low strength; stop during dormancy.","Some Oxalis species can be mildly toxic if ingested in large quantities due to oxalic acid; supervise pets.","Expect a natural rest period where foliage may yellow and die back; reduce water, keep pot in a cool, bright spot and resume normal care when new leaves appear."
peperomia,Peperomia,Peperomia obtusifolia, P. caperata and others,pep.jpg,"Medium to bright indirect light; many tolerate lower light but grow more compact and colorful in brighter filtered light.","Water when the top 1–2 inches of soil are dry; succulent‑leafed types prefer to dry a bit more between waterings.","Average indoor humidity is usually adequate; some fine‑leaved types appreciate slightly higher humidity.","Prefer temps between 65–80°F (18–27°C); avoid cold drafts and temperatures below about 55°F (13°C).","Loose, well‑draining mix with peat or coco, perlite and some bark; many Peperomia resent heavy, wet soils.","Feed every 4–6 weeks in spring and summer with a balanced fertilizer at half strength.","Generally considered non‑toxic to pets and people.","Small root systems mean they prefer smaller pots; avoid overpotting and overwatering, and pinch back stems to keep a compact habit."
palms,Indoor Palms,Chamaedorea, Areca, Dypsis and other small palms,palm.jpg,"Bright to medium indirect light; direct sun through glass can scorch fronds on many indoor species.","Water when the top 1–2 inches of soil are dry; most palms prefer evenly moist, never soggy, soil and will suffer if allowed to completely dry out repeatedly.","Prefer moderate humidity (50–70%); very dry air can lead to brown leaf tips and edges.","Most indoor palms like temperatures of 65–80°F (18–27°C); avoid cold drafts and sudden temperature drops.","Rich, well‑draining potting mix with some sand or perlite; palms dislike heavy, waterlogged soils.","Feed every 4–6 weeks in the growing season with a palm or balanced fertilizer; under‑fertilizing is safer than overdoing it.","Many palms are non‑toxic, but always check the specific species for pet safety and avoid confusing them with look‑alike toxic plants.","Never remove browning tips by cutting into green tissue; instead, trim only the dead brown parts. Avoid heavy pruning of fronds and repot palms only when absolutely necessary."
ivy,Ivy (English & similar),Hedera helix and related spp.,ivy.jpg,"Bright, indirect light; can tolerate medium light but may become leggy and prone to pests in low light.","Water when the top 1 inch of soil is dry; keep slightly moist but not soggy, and reduce watering a bit in winter.","Prefers moderate humidity; dry indoor air can encourage spider mites and browning edges.","Cool to moderate temps of 55–75°F (13–24°C) are best; avoid hot, stagnant air and strong heat sources.","Well‑draining potting mix with some perlite; avoid letting the root zone stay waterlogged.","Feed every 4–6 weeks in spring and summer with a balanced fertilizer.","Considered toxic if ingested; keep away from pets and children.","Provide good air circulation and inspect frequently for spider mites; cooler, brighter conditions give the best foliage quality indoors."
tradescantia,Tradescantia (Wandering Dude),Tradescantia zebrina, T. fluminensis and others,trad.jpg,"Bright, indirect light to a little gentle direct sun; insufficient light leads to green, stretched vines with faded stripes.","Water when the top 1 inch of soil is dry; keep evenly moist but not soggy, especially in brighter light.","Average indoor humidity is generally adequate, though higher humidity keeps foliage fresher and reduces crispy tips.","Comfortable between 60–80°F (16–27°C); avoid cold drafts and temperatures below about 50°F (10°C).","Well‑draining potting mix with perlite; avoid heavy, constant wet conditions which can cause root rot.","Feed every 4 weeks in spring and summer with a balanced fertilizer at low strength.","Mildly toxic to pets; sap can be irritating, and foliage may cause stomach upset if eaten.","Pinch or trim vines regularly to keep plants bushy and to remove bare, woody sections; easily propagated from cuttings to refresh older pots."
aralia,Aralia (Polyscias types),Polyscias fruticosa and related species,ar.jpg,"Bright, indirect light; too little light causes sparse growth and leaf drop, while strong direct sun can scorch leaves.","Keep soil evenly moist, watering when the top 1–2 inches feel slightly dry; avoid waterlogging and never allow completely dry‑outs.","Prefer moderate to high humidity (50–70%); dry air often leads to leaf drop and poor performance.","Warm, stable temperatures of 65–80°F (18–27°C) are ideal; very sensitive to cold drafts and chills.","Rich, well‑draining potting mix with peat or coco, perlite and compost.","Feed every 4–6 weeks in the growing season with a balanced fertilizer at half strength.","Mildly toxic if ingested; treat with caution in pet households.","Aralia dislike being moved or repotted frequently; choose a bright, draft‑free location and maintain consistent care to minimize leaf drop."
lucky_bamboo,Lucky Bamboo (not a true bamboo),Dracaena sanderiana,lucky.jpg,"Low to medium indirect light; avoid direct sun which can scorch the foliage, and very dark corners which weaken growth.","If grown in water, keep roots covered with fresh, chlorine‑free water and change it regularly; if grown in soil, water when the top 1 inch is dry and keep gently moist.","Average indoor humidity is typically adequate.","Prefers temps between 65–85°F (18–29°C); protect from cold drafts and temperatures below about 55°F (13°C).","If grown in soil, use a light, well‑draining potting mix; if grown in water, use clean pebbles for support and maintain water quality.","Feed very lightly a few times a year with a highly diluted liquid fertilizer; overfertilizing is a common cause of yellowing.","Toxic if ingested by pets (Dracaena genus); keep out of reach of animals that chew foliage.","Use distilled or filtered water—especially in vases—to avoid salt and chlorine buildup; trim yellow stems and rearrange stalks as desired for decorative displays."
norfolk_pine,Norfolk Island Pine,Araucaria heterophylla,norfolk.jpg,"Bright, indirect light; tolerates some gentle direct morning sun but dislikes hot afternoon sun and very low light.","Water when the top 1–2 inches of soil are dry; keep evenly moist but never waterlogged, and do not allow complete dry‑outs.","Appreciates moderate humidity (50–60%); very dry indoor air, especially in winter, causes browning at branch tips.","Prefers cooler to moderate temps of 60–75°F (16–24°C); avoid hot, dry rooms and cold drafts.","Well‑draining, slightly acidic potting mix with peat or coco and perlite.","Feed lightly every 4–6 weeks in spring and summer with a balanced fertilizer; avoid heavy feeding which can cause weak growth.","Generally considered non‑toxic to pets, but always supervise plants around animals.","Rotate regularly so branches develop evenly on all sides, and avoid heavy pruning—only remove dead or brown branches close to the trunk."
air_plant,Air Plant,Tillandsia spp.,air.jpg,"Bright, indirect light to some gentle direct morning sun; avoid harsh midday sun behind glass.","Soak plants in room‑temperature water for 15–30 minutes every 1–2 weeks (more often in dry, hot conditions), then shake off excess water and allow to dry completely within a few hours.","Prefer high humidity but adapt well if given regular soakings and good air movement.","Happy in a wide range of household temps, generally 60–85°F (16–29°C); avoid cold drafts and freezing temperatures.","No soil required; can be mounted on wood, shells or other decor as long as water can drain away and leaves dry quickly.","Feed with a very dilute bromeliad or orchid fertilizer in the soaking water once a month during active growth.","Generally considered non‑toxic to pets.","Ensure plants dry fully after watering to prevent rot; provide good air circulation and avoid placing them in enclosed, stagnant containers without ventilation."
bird_of_paradise,Bird of Paradise,Strelitzia reginae and related spp.,bop.jpg,"Bright, indirect light to several hours of direct sun; indoors they often perform best near a very bright south or west window.","Water when the top 1–2 inches of soil are dry; water deeply and allow excess to drain; slightly drier in winter.","Average to moderately high humidity is ideal; very dry air may cause brown tips.","Prefer warmth, ideally 65–85°F (18–29°C); protect from cold drafts and temperatures below about 55°F (13°C).","Rich, well‑draining potting mix with compost and perlite; avoid heavy, soggy soils.","Feed every 4–6 weeks during the growing season with a balanced or bloom‑supporting fertilizer; reduce in winter.","Generally considered non‑toxic to people, but some parts can be mildly toxic to pets if ingested.","Bird of paradise need time and bright light to bloom indoors; allow plants to become slightly root‑bound before repotting and provide as much light as possible."
episcia,Episcia (Flame Violet),Episcia cupreata and related spp.,epi.jpg,"Bright, indirect light; avoid direct sun which easily scorches soft leaves.","Keep soil evenly moist but not soggy, watering when the surface feels slightly dry; do not allow long dry‑outs during active growth.","Enjoys high humidity (60–80%); dry air causes brown, crispy edges and poor growth.","Warm temps of 65–80°F (18–27°C); avoid cold drafts and temperatures below about 60°F (16°C).","Light, airy, peat‑based mix similar to African violet soil with added perlite for drainage.","Feed lightly every 4 weeks during the growing season with a balanced fertilizer at low strength.","Generally considered non‑toxic, but confirm for specific hybrids if pets may chew leaves.","Excellent for hanging baskets or as a trailing plant; avoid water on leaves in strong light and pinch stems to encourage branching and a fuller appearance."
heliconia,Heliconia,Heliconia spp. (grown indoors in large, bright spaces),heli.jpg,"Very bright light with some direct sun; indoors, a sunroom or very bright window is usually required.","Keep soil consistently moist but not waterlogged, watering when the top 1 inch is slightly dry; do not allow the root zone to dry completely.","Prefers high humidity (60–80%); low humidity leads to browning leaf edges and poor flowering.","Warm tropical temperatures of 70–90°F (21–32°C); very sensitive to cold and drafts.","Rich, fertile, well‑draining mix with plenty of organic matter and some sand or perlite.","Feed regularly in the growing season (every 3–4 weeks) with a balanced or bloom‑supporting fertilizer.","May be mildly toxic if ingested; treat as potentially unsafe for pets.","Best suited to very bright, warm indoor spaces or greenhouses; provide ample room, high humidity and strong light if you want to see flowers."
stephanotis,Stephanotis (Madagascar Jasmine),Stephanotis floribunda,steph.jpg,"Bright, indirect light to some gentle direct sun; insufficient light leads to weak growth and few flowers.","Water when the top 1–2 inches of soil are dry; keep evenly moist during active growth but avoid soggy conditions.","Prefers moderate humidity (50–70%); very dry air can cause buds to drop and leaves to yellow.","Ideal temps of 65–80°F (18–27°C); avoid cold drafts and temperatures below about 55°F (13°C).","Rich, well‑draining mix with peat or coco, perlite and some compost; ensure good drainage.","Feed every 4 weeks in spring and summer with a balanced fertilizer or one slightly higher in phosphorus to encourage blooming.","May be mildly toxic if ingested; supervise around pets and children.","Provide a trellis or hoop for climbing vines, avoid moving the plant when it has buds, and keep conditions stable to reduce bud drop."
poinsettia,Poinsettia,Euphorbia pulcherrima,poin.jpg,"Bright, indirect light; avoid hot direct sun through glass and very low light which leads to leaf drop.","Water when the top 1 inch of soil feels dry; water thoroughly and allow excess to drain, never leaving the pot standing in water.","Average indoor humidity is usually fine; avoid placing directly near heating vents which dry the air.","Best in temperatures of 65–75°F (18–24°C); keep away from cold windows, drafts and temperature extremes.","Well‑draining potting mix; many store‑bought plants already come in suitable soil—just be sure the decorative sleeve allows drainage.","Feed lightly every 4–6 weeks after the main holiday display period if you plan to keep the plant long term; little fertilizer is needed during peak bract color.","Sap can cause mild skin irritation; leaves and bracts are considered only mildly toxic if ingested but may cause stomach upset.","To keep plants colorful through the holidays, provide bright light, avoid cold and overwatering, and remove foil or decorative sleeves when watering so excess water can drain freely. Re‑blooming the following year requires strict dark‑period treatment beginning in early fall."
ponytail_palm,Ponytail Palm,Beaucarnea recurvata,ponytail.jpg,"Bright light with several hours of direct sun preferred; tolerates bright indirect but grows slowly.","Allow soil to dry out completely before watering; water deeply but very infrequently.","Average indoor humidity is fine; very tolerant of dry air.","Ideal 65–85°F (18–29°C); avoid cold temperatures below 50°F (10°C).","Very fast‑draining cactus/succulent mix; avoid heavy moisture-retentive soils.","Feed lightly once a month in spring/summer; none in winter.","Non‑toxic to pets.","This is NOT a palm and behaves like a succulent—overwatering is the #1 killer."
hypoestes,Polka Dot Plant,Hypoestes phyllostachya,hyp,"Bright indirect light for best color; low light causes fading and stretching.","Keep soil evenly moist, watering when top 1 inch begins to dry; do not let completely dry out.","Average humidity is fine but appreciates >50%.","Prefers 65–80°F (18–27°C).","Rich, well‑draining all‑purpose potting mix.","Feed every 4 weeks during active growth.","Generally non‑toxic.","Pinch frequently to prevent legginess and encourage a compact, bushy form."
coleus_indoor,Coleus (Indoor Pot Varieties),Coleus scutellarioides,col.jpg,"Bright, indirect light; direct sun may scorch but too little light fades colors.","Water when top inch is dry; keep evenly moist but not soggy.","Average humidity acceptable.","Ideal 65–80°F (18–27°C).","Rich, well‑draining mix.","Feed every 2–4 weeks during growing season.","Generally non‑toxic.","Pinch often to keep bushy and prevent flowering, which can shorten lifespan."











